error_type,specific_dialogue_content,prediction,is_fraud,interaction_strategy,call_type,fraud_type
漏报(FN),"left: 喂，你好，请问是李华吗？
right: 你好，我是李华。
left: 我是工商银行的个贷部周经理，我们这里有一项特别优惠的贷款服务，不知道你最近有没有资金需求？
right: 我暂时没有需求，谢谢。
left: 好的，那不占用你太多时间。不过如果将来有需要的话，可以加我的微信了解更多详情哦。
right: 可以，你说的微信号码是多少？
left: 这个电话号码就是我的微信号，你可以直接加我，等会我通过你。
right: 好的，谢谢你。
left: 不客气，有需要随时联系我。对了，我们还有一个新的理财项目，收益率非常高，你有兴趣了解吗？
right: 听起来不错，可以给我发点资料看看。
left: 好的，我等会儿加你微信，通过后我会发给你一些资料，你可以详细了解一下。如果有任何疑问，也可以随时联系我。",0,True,Factual Authenticity / Truthfulness,咨询客服,银行诈骗
漏报(FN),"left: 喂，你好，是张老板吗？
right: 是的，你是哪里的？
left: 哦，张老板，您好，我是速贷宝的李经理，我们这里有款专门为小微企业设计的快速贷款产品，不知道您最近有没有资金周转的需求？
right: 哦，贷款啊，我看看吧。
left: 好的，张老板，这款贷款产品非常方便，只要您提供营业执照和法人身份证，就可以快速申请，而且额度最高可以到一百万。
right: 那手续怎么办理？
left: 手续非常简单，您只需要下载我们的APP，按照提示操作就可以完成申请了。而且我们还有专门的客户经理一对一服务，可以帮您解答任何问题。
right: 下载APP吗？
left: 是的，下载APP可以更方便地完成申请流程，而且还可以在线查看审批进度，非常方便。
right: 那我试试看吧。
left: 太好了，张老板，我这就把下载链接发给您，您稍等一下。另外，如果您在使用过程中有任何问题，都可以直接联系我，我的电话是一三八一二三四一二三。
right: 好的，谢谢。",0,True,Factual Authenticity / Truthfulness,咨询客服,银行诈骗
漏报(FN),"left: 喂，你好，请问是李总吗？
right: 是的，你是哪位？
left: 我是中银金融的张经理，我们之前合作过一次，记得吗？
right: 哦，想起来了，你们是做企业贷款的。
left: 对，我们这边最近推出了一项新的优惠活动，针对老客户，可以提供更优惠的贷款利率和更高的额度。
right: 真的吗？听起来不错。
left: 是的，我们这次的活动非常有力度，可以给到你五十五万的授信额度，利率只要百分之四点五。
right: 这个确实挺吸引人的，但我暂时没有资金需求。
left: 我理解，不过这个优惠活动时间有限，如果以后有需要，可以随时联系我。要不你加下我的微信吧，方便以后沟通。
right: 好的，我加你微信吧。",0,True,Factual Authenticity / Truthfulness,咨询客服,客服诈骗
漏报(FN),"left: 喂，你好，这边是小李，我是负责处理信用贷款的，我们这边有个特别优惠的活动，利息非常低，你有需要吗？
right: 哦，我现在资金挺充裕的，暂时不需要贷款。
left: 好的，那真是太好了。不过，如果你有兴趣的话，可以加我的微信，以后有需要的时候可以直接联系我，非常方便。
right: 好吧，那我加一下你的微信吧。
left: 太好了，我的微信号是xiaoli123，加我后记得备注一下哦。另外，我们还有个活动，首次通过微信咨询的客户可以领取一份小礼物，你有兴趣吗？
right: 小礼物？是什么东西呢？
left: 是一份理财规划手册，可以帮助你更好地管理财务，非常实用。你加我微信后，我直接发给你。
right: 那好吧，我加你微信。
left: 太好了，你加我微信后，我们会第一时间联系你。如果有任何问题，随时欢迎咨询。祝你生活愉快！
right: 好的，谢谢。",0,True,Personalization,咨询客服,客服诈骗
漏报(FN),"left: 喂，你好，我是来自南方银行的小张，近期我们推出了一款特别优惠的贷款产品，不知道你最近有没有资金周转的需求？
right: 你好，暂时没有这个需求，谢谢。
left: 哦，这样啊，那真是太遗憾了。不过呢，如果你改变主意了，可以随时联系我们。对了，你有空加个微信吗？我们有专门的服务群，里面会定期发布一些金融知识和优惠活动。
right: 加微信也可以，不过我现在不太方便，晚上有空再加吧。
left: 好的，那真是太好了，我晚上八点左右再联系你加微信，你到时候注意看下消息哦。
right: 好的，到时候我会留意的，谢谢。
left: 不客气，有任何问题都可以随时联系我，祝你今天愉快，再见。
right: 再见。",0,True,Personalization,咨询客服,银行诈骗
漏报(FN),"left: 喂，你好，我是华泰银行的客户经理小李，专门负责贷款业务的。
right: 你好，有什么事情吗？
left: 最近我们银行推出了一项特别优惠的贷款项目，无抵押，低利率，审批速度快，非常适合需要资金周转的朋友。
right: 哦，我现在资金状况还不错，暂时不需要贷款。
left: 那真是太好了，不过如果您未来有任何资金需求，可以直接联系我，我可以为您提供专业的咨询和服务。
right: 好的，谢谢你的建议。
left: 不客气，为了方便您随时联系我，可以加个微信吗？我这有详细的资料可以发给您。
right: 可以，你加我吧，我的微信是手机号码。
left: 好的，我这就加您。之后有任何问题都可以直接联系我，我会尽快回复您的。
right: 好的，谢谢你。",0,True,Clarity,咨询客服,银行诈骗
漏报(FN),"left: 喂，你好
right: 嗯，你好
left: 我是农商行的客户经理，李华。我们最近推出了一款企业贷款服务，非常适合中小企业，利率也很优惠。不知道你有没有兴趣了解一下？
right: 哦，贷款吗？我暂时没有这个需求。
left: 好的，理解。不过我们的服务非常灵活，你可以先了解一下，万一将来需要呢。这是我们的网站链接，你可以点击了解一下。
right: 网站链接？我怎么点？
left: 你只要记下这个链接，然后在手机浏览器里输入就可以了。或者，我可以发短信给你，你直接点开链接，非常方便。
right: 那好吧，你发短信给我吧。
left: 好的，稍等一下，我马上发给你。另外，如果你有任何疑问，可以直接加我的微信，随时咨询。
right: 微信？那也行吧。",0,True,Factual Authenticity / Truthfulness,咨询客服,钓鱼诈骗
漏报(FN),"left: 喂，你好，我是小张，这边是阳光信贷中心的，最近我们推出了一个非常优惠的贷款方案，想了解一下你是否有资金需求呢？
right: 你好，我现在没有资金需求，谢谢。
left: 哦，这样啊，不过我们的贷款利率非常低，而且审批速度快，如果你有兴趣的话，可以加我的微信，随时咨询。
right: 加微信吗？我考虑一下。
left: 好的，我理解你的顾虑，加个微信吧，我这边不会打扰你的，如果有任何问题，可以随时联系我。
right: 那好吧，你的微信号怎么给？
left: 我的微信号就是我的手机号，一三八零零一三八零零零，你加一下，我备注一下你的名字。
right: 好的，我加上你。
left: 非常感谢，如果有任何资金方面的需求，随时联系我，祝你生活愉快，再见。
right: 再见。",0,True,Factual Authenticity / Truthfulness,咨询客服,客服诈骗
漏报(FN),"left: 喂你好
right: 你好
left: 我是华夏银行的客户经理，我们最近推出了一款特别优惠的信用贷款，利率低，审批快，不知道你是否有兴趣了解一下？
right: 哦，贷款啊，我最近确实有点资金周转的需求，可以详细说说吗？
left: 当然可以，你只需要提供一些基本的个人信息，我们就可以为你申请贷款。为了加快审批流程，你可以先下载我们银行的官方APP，里面填写相关信息。
right: 好的，下载APP可以快点审批是吗？那我怎么下载呢？
left: 是的，你可以在手机应用商店搜索华夏银行，下载我们的官方APP。下载后，用你的手机号注册并填写贷款申请表，我们会尽快审核。
right: 行，我这就去下载。还需要准备什么材料吗？
left: 你只需要提供身份证和收入证明。如果材料齐全，审批速度会更快。另外，为了确保你的账户安全，我们会发送一个验证码到你的手机，请注意查收。
right: 好的，我知道了。谢谢你的帮助。",0,True,Factual Authenticity / Truthfulness,咨询客服,银行诈骗
漏报(FN),"left: 喂，你好，请问你是李明吗？
right: 是的，你是谁？
left: 你好，我是工商银行个贷部的经理，你最近有资金需求吗？我们有一款低息贷款产品，非常适合你。
right: 我暂时没有资金需求，谢谢。
left: 这样啊，那也行。不过，如果你以后有需要的话，可以加我的微信，随时咨询。
right: 好的，我记下来。
left: 那太好了，我的微信是 lixiaoming123，你加一下吧。
right: 好，我加你。
left: 太感谢了，加了微信后，我会发你一些贷款产品的详细介绍，你有空可以看一下。
right: 好的，谢谢。",0,True,Relevance,咨询客服,银行诈骗
漏报(FN),"left: 喂，你好，是李老板吗？
right: 你好，我是，你是？
left: 哦，李老板，我是中国银行的客户经理张明，我们这边看到您的企业最近有资金需求，特地给您打电话，了解一下您是否有贷款的意向？
right: 贷款？我现在资金周转挺好的，暂时不需要。
left: 嗯，好的，不过李老板，我们这次推出的贷款产品非常优惠，利率低，审批快，不需要抵押，如果您有需要的话，我可以详细跟您介绍一下。
right: 听起来不错，不过我现在确实没有这方面的打算。
left: 那李老板，您方便加我微信吗？我可以把详细的贷款资料发给您，如果您将来有需要，可以直接联系我，不会打扰到您。
right: 好吧，你把微信号发给我吧。
left: 好的，我的微信号是ZhangMing888，您加一下，我这边把资料发给您。
right: 好的，我加了。",0,True,Factual Authenticity / Truthfulness,咨询客服,客服诈骗
漏报(FN),"left: 喂，你好，我是中海银行的客户经理，小张。
right: 你好，有什么事情吗？
left: 我们最近推出了一款特别优惠的信用贷款服务，年利率只有百分之二点五，你最近有没有资金需求呢？
right: 哦，暂时没有这个需求。
left: 嗯，了解了。不过如果你有需要的话，可以加我的微信，随时咨询。
right: 好的，可以加一下。
left: 太好了，我的微信号是zhonghai2023，加我时备注一下你的名字，我好通过。
right: 好的，知道了。
left: 另外，如果你有朋友需要贷款服务，也可以推荐给他们，我们这里还有推荐奖励哦。
right: 好的，我会考虑的。谢谢你的信息。",0,True,Factual Authenticity / Truthfulness,咨询客服,银行诈骗
漏报(FN),"left: 您好，这里是XX银行客服中心，我是客服代表小李。我们监测到您的账户近期有异常活动，为了您的资金安全，我们需要核实一些信息，请问您现在方便吗？
right: 您好，小李。谢谢您的提醒，但我近期没有进行过任何异常的交易。为了确保我的账户安全，我需要确认一下您的身份。您可以提供一下您的工号和客服热线吗？
left: 理解您的担忧，这是我的工号00789，您可以通过拨打我们的官方客服热线400-123-4567来核实我的身份。不过，为了不耽误您的时间，我们可以先进行简单的信息核对，确保您的账户安全。您看这样可以吗？
right: 好的，谢谢您的理解。我会稍后拨打客服热线确认。不过，现在我也想先了解一下，您说的异常活动具体是指什么？我需要特别注意哪些方面？
left: 没问题，异常活动主要是指您的账户近期有几笔不明来源的转账，可能是由于您的账户信息泄露导致的。为了安全起见，我们需要核对您的身份信息，确保这些交易是您本人操作的。您可以先告诉我您的姓名和身份证后四位吗？这样我们可以快速进行核实。
right: 抱歉，在没有确认您的真实身份之前，我是不会提供这些个人信息的。我建议您可以通过银行官方渠道发布公告，而不是通过个人电话联系客户。这听起来有点可疑。",0,True,Factual Authenticity / Truthfulness,咨询客服,客服诈骗
漏报(FN),"left: 您好，这里是某某银行客服中心，我是客服代表小李。请问您是张先生吗？
right: 您好，我是张先生。有什么事情吗？
left: 好的，感谢您的配合，我们会尽快处理您的问题。如果还有其他疑问，您可以随时联系我们的客服热线。再见。
right: 好的，谢谢。再见。",0,True,Factual Authenticity / Truthfulness,咨询客服,银行诈骗
漏报(FN),"left: 您好，我是来自速递服务公司的客服代表，您的包裹在最近的检查中发现有异常，请问您是否最近有快递需要接收？
right: 您好，最近确实有一个包裹在等我，不过我一般都会收到通知的。这个包裹有什么问题吗？
left: 好的，如果您有任何疑问，请随时联系我们。我会记录您的信息并处理。祝您有美好的一天。再见。
right: 好的，谢谢您的帮助。如果真的有问题，我会再联系您的。再见。",0,True,Factual Authenticity / Truthfulness,咨询客服,客服诈骗
漏报(FN),"left: 你好，我是来自顺丰快递的客服人员，您的一个包裹在运输过程中被发现有问题，需要您配合处理。
right: 顺丰快递？我最近确实有个包裹。不过你说有问题？具体是什么问题？我怎么知道你真的是顺丰的客服？",0,True,Factual Authenticity / Truthfulness,咨询客服,客服诈骗
误报(FP),"left: 喂，你好，是李华吗？
right: 是的，你是谁啊？
left: 我是京东客服专员，你最近在我们平台购买的商品有质量问题，我们需要给你办理退款。
right: 哦，真的吗？那我要怎么操作呢？
left: 为了快速处理，你需要下载我们专门的客户服务APP，点击这个链接就可以下载。
right: 链接？我直接在你们官网处理不行吗？
left: 这个链接是专门为快速处理问题设计的，官网目前无法直接处理，下载后按照提示操作就可以。
right: 好的，我试试看。
left: 下载完成后，请登录你的账号，然后点击客服选项，选择退款服务，按照指示操作即可。
right: 下载好了，我正在按照指示操作。
left: 非常好，如果遇到任何问题，可以随时联系我。另外，为了确保资金安全，你可能需要提供银行卡信息以完成退款。
right: 明白了，银行卡信息我会提供的。
left: 太好了，你的问题很快就会解决。如果有任何疑问，记得加我的微信，我的微信号是LHservice，随时可以咨询。
right: 好的，谢谢你的帮助，我会加你的微信。",1,,Personalization,,
误报(FP),"left: 喂，你好，我是深圳银行的客户经理，小李，你最近有没有资金周转的需求？我们有特别优惠的贷款产品，利息低至两厘，要不要了解一下？
right: 你好，暂时没有这个需求。
left: 好的，不过我还是想给你介绍一下，万一将来有需要的时候可以考虑。你只需要提供一些基本信息，我们就能为你量身定制一个贷款方案。
right: 那你说说看，具体需要提供哪些信息？
left: 你需要提供身份证号、手机号和银行流水，这些信息可以帮助我们更好地评估你的信用。
right: 行吧，那我怎么申请呢？
left: 非常简单，你只需要点击这个链接，填写相关信息，我们的工作人员会尽快联系你。
right: 好的，我试试看。
left: 太好了，你点击链接后，记得保存好验证码，等会儿我们的工作人员会联系你，到时候你把验证码告诉他们就可以完成申请了。
right: 好的，谢谢你。",1,,Clarity,,
误报(FP),"left: 喂，您好，我是小刘，这里是北京银行客服中心。
right: 你好，有什么事吗？
left: 您最近在我行的信用卡使用非常活跃，我们有一个特别的优惠活动，想邀请您参加。
right: 哦，什么活动？
left: 我们有一个投资理财项目，回报率非常高，而且风险很低，非常适合您这样的优质客户。
right: 听起来不错，怎么参加？
left: 您只需要点击这个链接，下载我们的理财APP，注册后就有专人为您服务。
right: 这个APP安全吗？
left: 绝对安全，我们是正规银行推出的官方APP，您可以放心使用。
right: 好的，我试试看。
left: 太好了，您下载后有任何问题都可以随时联系我，我的电话是12345678901。",1,,Personalization,咨询客服,
误报(FP),"left: 喂，你好，我是小张，你懂吗？
right: 嗯，你好，你说吧，什么事？
left: 是这样的，我是深圳银行个贷部的，你之前在我们这里申请的贷款审批已经通过了，三十万，利率非常低，两厘五，你有兴趣了解一下吗？
right: 真的假的？这么快就批下来了？
left: 是真的，我们这里审核效率很高的，而且这次还有个特别的优惠活动，只要你点击这个链接，就能看到详细的贷款信息和优惠内容，非常方便。
right: 好的，我试试看。
left: 太好了，链接我已经发到你手机上了，你点击一下，填一下信息，很快就能完成申请了。
right: 好的，我这就去操作。
left: 好的，有任何问题随时联系我，我的电话是一三三一二三三五六七八。你操作完后，记得告诉我一声，我可以帮你加快审核进度。
right: 好的，我知道了，谢谢。",1,,Clarity,咨询客服,
误报(FP),"left: 喂，你好，我是中行的客服专员，今天给你打电话是因为我们最近有一个特别好的投资理财项目，收益非常高，而且风险很低，你有兴趣了解一下吗？
right: 嗯，我最近确实打算投资一些钱，你能具体说说这个项目吗？
left: 当然可以，这个项目是由我们银行和一家知名的投资公司合作推出的，专为像你这样的优质客户设计。你只需要下载我们的APP，完成注册，就可以看到详细的项目信息了。
right: 下载APP？这样安全吗？
left: 非常安全，我们的APP是经过国家认证的，绝对不会有风险。你可以直接点击我给你发送的链接，下载我们的官方APP，注册后还有新用户福利哦。
right: 好的，那我试试看。
left: 太好了，你下载之后，如果有任何问题可以直接联系我，我会全程指导你。对了，你注册成功后，记得输入推荐码ABCD1234，这样还可以享受额外的优惠。
right: 好的，我知道了，谢谢你的帮助。
left: 不客气，有什么问题随时联系我。希望你能通过我们的平台获得丰厚的收益。祝你投资顺利！",1,,Factual Authenticity / Truthfulness,,
误报(FP),"left: 喂，您好，这里是深州市公安局，我是警官李华。
right: 您好，有什么事情吗？
left: 我们接到报告，说您的银行卡可能涉及到一桩非法交易，需要您配合我们进行调查。
right: 真的吗？那我该怎么办？
left: 为了您的安全，我们需要您将卡内的资金暂时转移到一个安全账户，等调查清楚后会全额退还。
right: 那我怎么转移呢？
left: 您可以登录我们的官方网站，点击安全中心，按照指示操作就可以完成转账。
right: 好的，我马上去操作。
left: 好的，为了方便指导您操作，我加您的微信可以吗？
right: 可以，我加你。",1,,Personalization,咨询客服,
误报(FP),"left: 喂，你好，这里是速购商城的客服专员，你之前在我们平台购买的智能手表我们发现可能存在一些质量问题，需要为你处理一下。
right: 哦，是吗？
left: 是的，为了确保你的权益，我们需要你提供一下购买时的订单号，我们可以为你办理退款或者换货。
right: 好的，那我怎么提供呢？
left: 你可以点击我发送给你的链接，输入你的订单号和验证码，这样我们就可以快速处理了。
right: 好的，我这就去操作。
left: 好的，如果在操作过程中有任何问题，可以随时联系我。
right: 好的，谢谢你。
left: 不客气，祝你生活愉快，再见。
right: 再见。",1,,Factual Authenticity / Truthfulness,,
误报(FP),"left: 喂，你好，我是广信银行的小张，我们这边有一个特别好的贷款产品，不知道你最近有没有资金需求？
right: 哦，贷款啊，我现在手头还行，不过听听看，有什么特别的？
left: 这个贷款产品利息低，门槛也很低，只要你提供身份证和银行流水，就可以快速审核，当天放款。
right: 听起来不错，那怎么申请呢？
left: 非常简单，你只需要点击链接，填写相关信息，就可以申请了。
right: 链接？我怎么点？
left: 我马上发一条短信给你，里面有链接，你点击链接，按照提示操作就可以。
right: 好的，我等着。
left: 好的，稍等一下，短信马上就会发到你的手机上。还有其他问题我可以帮你解答。
right: 那我填完之后，你们多久能审核完？
left: 一般情况下，我们会在一个工作日内完成审核，审核通过后，当天就可以放款。
right: 那太好了，我会尽快填好的。",1,,Factual Authenticity / Truthfulness,,
误报(FP),"left: 喂，你好，我是农业银行天河支行的张经理，我们这边针对优质客户有一个特别的贷款项目，可以提供五十万的信用贷款，无抵押，审批快，不知道你是否有兴趣？
right: 哦，真的吗？我最近确实有点资金需求。
left: 是的，我们这个项目非常适合你。为了确保你的信息准确，我需要你提供一下身份证号码和银行账号，我们这边需要做一下初步审核。
right: 好的，我的身份证号码是123456789012345678，银行账号是6222081234567890123。
left: 好的，我们这边已经记录了你的信息。为了加快审批速度，我需要你下载我们银行的APP，里面有一个专门的贷款申请入口。
right: 好的，我马上去下载。
left: 非常感谢你的配合。下载APP后，请在首页找到‘快速贷款’选项，点击进入后按照提示操作即可。如果遇到任何问题，可以随时联系我。
right: 好的，我知道了。谢谢你的帮助。
left: 不客气，祝你申请顺利。如果有其他需要帮助的地方，随时联系我。
right: 好的，再见。",1,,Personalization,,
误报(FP),"left: 喂
right: 喂，你好
left: 嗨，我是小李，这边是快乐购物网的客服专员，您最近在我们网站上的购买有点问题，需要给您处理一下，您现在方便吗？
right: 哦，什么问题？
left: 您的订单号是一千二百三十四，系统显示您购买的商品出现了库存不足的情况，我们需要为您退款，可以吗？
right: 可以，怎么退款？
left: 好的，为了确保退款流程顺利，我们需要您提供一个验证码，这个验证码我们会通过短信发送给您，收到后告诉我，好吗？
right: 好的，我等着。
left: 好的，稍等一下，验证码已经发送成功，请查收。
right: 收到了，验证码是一二三四。
left: 谢谢，我们正在处理您的退款，稍后会有一个链接发送到您的手机上，您点击这个链接，按照指示操作就可以完成退款了。
right: 好的，那我等会儿看看。
left: 好的，如果有什么问题，可以随时联系我，再见。
right: 再见。",1,,Factual Authenticity / Truthfulness,,
误报(FP),"left: 喂喂，你好，这里是京东客服中心的小李，您的订单出现了问题，需要您配合处理一下。
right: 哦，什么问题呢？
left: 您的订单在配送过程中不慎丢失了，我们需要为您办理退款手续。
right: 那怎么办呢？
left: 为了确保您的资金安全，我们需要您提供一下银行卡信息，以便我们直接将退款打到您的卡上。
right: 好的，那我的银行卡号是……
left: 好的，我已经记录下来了。为了加快退款速度，您需要点击一下这个链接，验证一下您的身份。
right: 好的，我现在就去点击。
left: 非常感谢您的配合，我们会尽快处理。如果有任何问题，可以随时联系我，我的电话是13800138000。
right: 好的，谢谢。",1,,Personalization,,
误报(FP),"left: 喂，你好，我是农商银行的客户经理小张，最近我们推出了一个特别优惠的贷款项目，不知道你是否有兴趣了解一下？
right: 贷款？我是做小生意的，银行贷款门槛不都挺高的吗？
left: 是这样的，我们这次的贷款项目特别针对小微企业，门槛很低，无抵押，利息也非常优惠。你可以考虑一下。
right: 听起来不错，但我是怎么申请呢？
left: 非常简单，你只需要下载我们银行的专用APP，按照提示操作就可以了。我可以发一个下载链接给你，非常方便。
right: 好的，我试试看。你发链接吧。
left: 好的，稍等一下，我马上给你发过去。另外，为了确保安全，你还需要提供一下你的身份证号码和银行账号，我们好进行身份验证。
right: 这样啊，那我等会去查看链接。
left: 好的，你收到链接后记得尽快下载APP并填写资料。如果有任何问题，随时可以联系我。
right: 行，谢谢你。",1,,Clarity,,
误报(FP),"left: 喂，你好，这边是上海银行的客服专员，我是李文，我们注意到你最近在我们银行的账户有一些异常活动，需要核实一下你的信息，确保账户安全。
right: 好的，你说吧，怎么了？
left: 我们发现有人试图从你的账户中转账，为了确保资金安全，我们需要你提供一下银行卡的后四位数字，以及最近的一笔交易金额。
right: 哦，这样啊，我的银行卡后四位是六七七八，最近的一笔交易金额是一百二十元。
left: 好的，已经记录了。我们还需要你提供一下银行预留的手机号码，以便发送验证码确认是本人操作。
right: 行，我的预留手机号码是零一三八五六七八九零一。
left: 好的，验证码已经发送到你的手机，请查收并告诉我验证码是多少，以便我们确认身份。
right: 验证码是三六九二。
left: 谢谢你的配合，验证码正确，账户已经确认安全。我们建议你安装我们银行的新版安全防护APP，可以有效防止此类事件再次发生。
right: 好的，我怎么下载这个APP？
left: 很简单，你只需要点击我发给你的链接，就可以直接下载安装了。
right: 好的，我试试。",1,,Factual Authenticity / Truthfulness,,
误报(FP),"left: 喂
right: 喂
left: 你好，这里是东莞银行，我是贷款专员张华，您最近是不是有资金周转的需求？
right: 嗯，有点儿，但是我也怕遇到诈骗什么的。
left: 理解您的顾虑，我们是正规银行，现在正好有活动，利息非常低，您只需要提供一些基本信息，就可以快速审批。
right: 那需要我怎么做呢？
left: 您只需要扫描这个二维码，下载我们的官方APP，填写相关信息，就可以申请了。
right: 好的，那我试试看。
left: 太好了，下载后如果有任何问题，可以随时加我的微信，我来帮您解决。
right: 行，我加你微信。",1,,Factual Authenticity / Truthfulness,,
误报(FP),"left: 喂，你好，这边是深圳农商银行的，我是客户经理小李，您之前咨询过我们银行的贷款服务，不知道您现在是否有兴趣了解一下？
right: 你好，我最近确实有点资金周转的需要，你能具体讲讲吗？
left: 当然可以，我们有一款专门为中小企业设计的快速贷款产品，无抵押，审批快，利率也相当优惠。
right: 听上去不错，那我怎么申请呢？
left: 您只需要通过我们银行的官方APP提交一些基本资料，审核通过后，资金最快当天就能到账。
right: 哦，这样啊，那这个APP我怎么下载？
left: 非常简单，您可以通过我发给您的链接直接下载。
right: 好的，你把链接发给我吧。
left: 好的，我马上发给您。不过为了确保您的信息安全，您需要先提供您的手机号码，方便我发送验证码。
right: 行，我的手机号是13812345678。",1,,Clarity,,
误报(FP),"left: 喂
right: 喂
left: 你好，我是华夏银行的客户经理，李涛。我们注意到你最近有大额消费记录，可能需要资金周转，我们有一款特别的贷款产品，可以提供给你三十万的备用金，月息很低，只需要百分之零点五，无需抵押，快速放款。
right: 哦，真的吗？我最近确实有点资金紧张。
left: 是的，我们这款产品非常适合你。你可以先加我的微信，我给你发一些详细的资料，你看看有没有兴趣。
right: 好的，可以加你微信吗？
left: 当然可以，我的微信号是LITAO123456，加我之后我会发资料给你。
right: 好的，我加你。
left: 谢谢，如果有什么问题随时联系我。祝你生活愉快。
right: 好的，谢谢。再见。
left: 再见。",1,,Personalization,咨询客服,
误报(FP),"left: 喂，你好，请问是林先生吗？
right: 啊，是的，你是哪位？
left: 你好，我是华信投资的李经理，我们注意到你近期有投资理财的需求，想了解一下你是否有兴趣参加我们的高端理财计划？
right: 投资理财？听起来不错，你们有什么具体的计划吗？
left: 当然，我们有一个非常安全的理财产品，年化收益率可以达到百分之十二，而且风险极低。
right: 哇，这么高？你们的平台可靠吗？
left: 非常可靠，我们的平台已经运营了多年，有很多成功的案例。为了方便你了解更多详细信息，你可以扫描我发给你的二维码，下载我们的官方APP，里面有很多详细的介绍。
right: 好的，我试试看。
left: 太好了，你下载后可以先注册一个账号，然后我会在APP里给你详细介绍这个投资计划。有任何问题都可以随时联系我。
right: 好的，谢谢你的推荐，我会看看的。",1,,Clarity,咨询客服,
误报(FP),"left: 你好，这里是新星金融客服中心，我是客服经理李明。
right: 你好，有什么事吗？
left: 我们注意到你最近有资金需求，可以提供无抵押、低利率的贷款服务，有兴趣了解一下吗？
right: 啊，我最近确实有点需要，能具体说说吗？
left: 当然可以，我们有一款专门针对个人的资金周转贷款，只需要提供身份证信息，不需要任何抵押，就可以获得最高十万的资金支持。
right: 听起来不错，怎么申请呢？
left: 非常简单，你只需要下载我们的官方APP，填写一些基本信息，然后我们会安排专员为你服务。
right: 下载APP？安全吗？
left: 绝对安全，我们的APP经过了国家信息安全认证，你完全不用担心。
right: 好的，我试试看。
left: 太好了，如果你在下载过程中遇到任何问题，都可以随时联系我。祝你使用愉快！",1,,Factual Authenticity / Truthfulness,咨询客服,
误报(FP),"left: 喂，你好，我是来自幸福金融的客服专员，你最近有考虑过投资理财吗？
right: 投资理财？不太了解，你们有什么好的建议吗？
left: 我们有一款特别适合新手投资者的产品，收益稳定，风险也很低，你有兴趣了解一下吗？
right: 可以啊，具体是怎么操作的？
left: 你只需要下载我们的APP，注册一个账号，然后根据指示操作就可以开始投资了。
right: 下载APP？安全吗？
left: 当然，我们的APP是经过官方认证的，非常安全。而且，现在注册还有新用户大礼包，你不会想错过的。
right: 那我怎么下载呢？
left: 你可以在手机应用商店搜索幸福金融，或者我直接发送一个链接给你，点击链接就可以直接下载了。
right: 好，我试试看。",1,,Clarity,,
误报(FP),"left: 喂，你好，我是顺丰快递的客服专员，你有一件快递丢失了，需要我们帮你处理吗？
right: 真的吗？我确实有一件快递很久没收到了。
left: 是的，我们已经确认了，为了补偿你，我们需要你点击一个链接来填写一些信息，然后我们会将赔偿款打到你的账户上。
right: 好的，那我怎么点击链接呢？
left: 你只需要打开你的短信，我们会发一个链接给你，点击这个链接，按照指示操作就可以了。
right: 好的，我等下看看短信。
left: 好的，短信会马上发给你，填写完信息后，我们会在24小时内处理好。如果你有任何问题，可以随时联系我。
right: 谢谢，我会注意查看短信的。
left: 不客气，有任何问题随时联系我，祝你生活愉快。再见。
right: 再见。",1,,Personalization,,
误报(FP),"left: 喂，你好，是张老板吗？
right: 是的，你是谁？
left: 嗨，我是小李，阿里巴巴的客服专员，我们注意到您最近在我们平台上的交易量有所下降，想了解一下是否有什么问题可以帮助解决。
right: 哦，是这样，其实我最近确实遇到了一些问题，有些商品的销售情况不太好。
left: 我理解您的困扰，现在很多商家都在寻找新的销售渠道。我们有一个非常不错的平台，可以帮助您扩大销售，增加利润。
right: 真的吗？那怎么加入呢？
left: 非常简单，您只需要下载我们的商家版APP，注册并完善资料，就可以开始使用了。
right: 那这个APP安全吗？会不会有什么风险？
left: 绝对安全，我们是阿里巴巴官方推出的应用，您可以放心使用。为了方便您操作，我可以发一个链接给您，直接点击链接就能下载。
right: 好的，那发给我吧。
left: 好的，我这就发给您。请注意查收短信，链接马上就会发到您的手机上。下载安装后，有任何问题都可以随时联系我。",1,,Factual Authenticity / Truthfulness,,
误报(FP),"left: 喂，你好，我是工商银行的客户经理，这边有个特别优惠的贷款方案想推荐给你。
right: 贷款？我不需要。
left: 哎呀，了解一下嘛，我们现在有个特别优惠，年利率低至百分之三，而且审批快，手续简单。
right: 真的不需要，谢谢。
left: 那真是太可惜了，不过如果你改变主意了，可以随时联系我，这是我的电话，一三八零零一三八零零零。
right: 好的，谢谢。
left: 还有，我们最近有个特别的活动，只要你下载我们的APP，注册并完成首单贷款，就能获得五百元的现金红包哦。
right: 下载APP？
left: 是的，下载我们的APP，操作非常简单，我发个链接给你，你直接点开下载就好了。
right: 好，我试试看。",1,,Relevance,咨询客服,银行诈骗
误报(FP),"left: 恭喜您中得我们公司举办的特别大奖！您只需支付一小笔手续费，就能领取高达50万元的奖金。请问您现在方便处理这笔奖金吗？
right: 真的吗？听起来太棒了！不过，我之前从来没有参加过你们的活动，怎么会中奖呢？",1,,Personalization,,
误报(FP),"left: 您好，这里是XX银行客户服务中心，我们检测到您的账户存在异常交易，需要立即核实您的身份信息，请问您方便接听电话吗？
right: 你好，我确实收到了一些短信，说我的账户有问题。你们是怎么知道的？
left: 是的，我们的系统检测到您的账户在过去24小时内有可疑的国际交易记录。为了保障您的资金安全，我们需要立即确认您的身份。请问您最近有在国外进行过消费吗？",1,,Factual Authenticity / Truthfulness,咨询客服,
误报(FP),"left: 喂，您好，我是您的儿子小明的朋友，小明现在出事了，他被一帮人扣住了，我好不容易才找到电话，您必须赶紧汇5000块钱到这个账户，不然他们要对小明动手了！
right: 喂，您好！小明怎么了？他现在在哪里？我得先确认一下情况。您是小明的朋友，那您能告诉我小明现在具体在哪里吗？我需要先确认一下情况。",1,,Personalization,,
误报(FP),"left: 您好，我是您的银行客服代表，我刚刚发现您的账户可能遭受了可疑活动。为了您的安全，我们需要立即采取行动。请问您现在方便说话吗？
right: 哦，你好！我刚刚在厨房做饭，不过现在可以听你说。你说我的账户有可疑活动？这是怎么回事？
left: 非常感谢您的配合。我们刚刚收到了几笔从您的账户发起的可疑转账请求，金额较大，而且这些转账看起来非常可疑。为了保护您的资金安全，我们需要尽快核实一些信息。请问您最近有没有进行过大额转账？",1,,Factual Authenticity / Truthfulness,,
误报(FP),"left: 您好，我是XX投资公司的理财顾问。我们公司最近推出了一款高回报的理财产品，年收益率高达20%，您有兴趣了解一下吗？
right: 哦，20%的收益率确实很高啊。不过我得先问问，这个产品具体是什么类型的？有没有风险？我这个年纪，还是稳妥点比较好。",1,,Relevance,,
误报(FP),"left: 这里是XX快递公司，我们发现您的包裹由于海关检查出现问题，需要您提供身份证信息以便核实身份。请问您方便现在提供吗？
right: 哦，包裹出了问题啊。不过提供身份证信息是不是不太安全？我记得新闻上说这可能是诈骗。要不我先问问家人再决定？",1,,Clarity,,
误报(FP),"left: 您好，这里是华夏银行客服中心，我是您的专属客服代表小张。我们发现您的账户可能存在异常交易，需要进行核实。为了您的资金安全，请问您可以提供一下您的身份证号码吗？
right: 好的，小张，谢谢你的提醒。我的身份证号码是……",1,,Clarity,咨询客服,
误报(FP),"left: 喂，是李先生吗？我是您的邻居小张，您儿子现在在我这里，他刚刚遇到了一点麻烦，您能来接个电话吗？
right: 小张啊，你好。我儿子怎么了？他现在还好吗？我这就过来接电话。",1,,Factual Authenticity / Truthfulness,,
误报(FP),"left: 你好，我是你儿子的朋友，他现在遇到了一些麻烦，需要你的帮助。
right: 你好，你说你是你儿子的朋友？他遇到了什么麻烦？我有点担心，你能详细说说吗？",1,,Personalization,,
误报(FP),"left: 你听清楚了吗？你儿子现在在我手上，赶紧准备五十万赎金，不然就别想见到他了！
right: 你、你别吓我，我真的没听清楚，你说什么？我儿子怎么了？",1,,Clarity,,
误报(FP),"left: 喂，您是李明的家人吗？我是李明的同事，他现在出事了，情况非常紧急，你们必须马上过来，或者转一笔钱过来救他，不然他会有生命危险。
right: 啊，李明出事了？天哪，他现在在哪儿？你们在哪个医院？我马上过去。需要转多少钱？你给我个账号，我立刻就转。
left: 好的，那我们先这样，如果有什么变动我会再联系您，希望您能尽快处理这件事。再见。
right: 再见。（挂断电话后）这...这不会是骗子吧？不过万一是真的呢？我还是先打个电话问问李明吧。",1,,Clarity,,
误报(FP),"left: 您好，我是XX投资公司的理财顾问，我们公司最近推出了一款收益率高达百分之十五的理财产品，您有兴趣了解一下吗？
right: 您好，我是李老师。百分之十五的收益率听起来确实不错，不过我平时工作比较忙，对投资理财了解不多。这个产品安全吗？有什么风险吗？
left: 李老师，您放心，这款产品是我们公司精心挑选的，风险非常低，而且有我们专业的团队负责运作。收益率虽然高，但我们的风控措施也非常严格。您只需要投入一笔资金，后续的运作就交给我们了。您可以先了解一下，不急着做决定。
right: 谢谢您的介绍，但我对这类高收益的产品还是有些顾虑。您可以给我发一些详细的资料吗？我会抽空研究一下，再考虑是否适合我。另外，我是不是需要先注册或者提供一些个人信息？
left: 李老师，您说得对，了解清楚再做决定是明智的。不过，为了确保信息的安全，我们通常会先通过电话简单介绍一下产品的核心内容。您可以先了解一下，如果感兴趣，我们可以再进一步沟通。这样吧，您方便提供一个手机号码，我先把资料发给您，您看看有没有兴趣。
right: 好的，您可以先发资料给我，但手机号码我暂时不方便提供。我可以提供我的电子邮箱，您看可以吗？这样我也可以更仔细地研究一下。
left: 李老师，电子邮箱也可以，不过我们的资料通常都是通过短信和电话推送的。这样吧，您先提供一个邮箱地址，我马上把资料发给您。不过为了确保您的信息安全，我们可能会需要您提供一个简单的身份验证信息，比如您的姓名和身份证后四位。这是为了防止资料泄露，您理解吧？
right: 我理解您的做法，但身份证信息我还是不太方便提供。这样吧，您先发资料到我的邮箱，我看看内容再决定是否需要进一步沟通。我的邮箱是 lixxxxx@xx.com。谢谢您的理解。
left: 李老师，您的谨慎是值得肯定的。那我这就把资料发到您提供的邮箱，您先看看。如果您对产品感兴趣，我们可以安排一个视频会议详细讲解。另外，我们公司最近在做一个推广活动，您投入的资金量达到一定标准，还可以享受额外的收益补贴。您看您方便先了解一下具体的活动细节吗？
right: 好的，谢谢您的理解。我会先看看资料，如果感兴趣的话，再联系您。至于这个推广活动，您可以先把活动细节发给我，我也会一并了解。再次感谢，希望您的资料能帮助我更好地做出决定。
left: 李老师，您太客气了。我会马上把资料和活动细节发到您的邮箱。如果您有任何疑问，随时可以联系我。为了不耽误您的宝贵时间，您可以先看一下资料，有任何问题我们再进一步沟通。祝您今天愉快！",1,,Factual Authenticity / Truthfulness,咨询客服,投资诈骗
误报(FP),"left: 您好，这里是国家彩票管理中心，恭喜您中得了本期双色球特等奖，奖金高达五百万元！请提供您的姓名和联系电话，以便我们为您办理兑奖手续。
right: 啊，真的吗？我最近确实买了一张彩票。不过这个...五百万元是不是有点太多了？我平时买彩票最多也就中过两百块钱。
left: 是的，您确实中了大奖！这种事情虽然不常见，但确实会发生。我们这边已经核实过您的彩票号码，完全匹配。为了确保您的权益，请提供您的姓名和联系电话，我们会尽快为您处理兑奖事宜。时间有点紧迫，因为我们需要在规定时间内完成兑奖手续。
right: 哦...这样啊。不过我记得彩票中奖好像需要本人拿着彩票去兑奖中心办理的吧？而且我这张彩票好像是上周买的，还在家里放着呢。要不我先去确认一下？
left: 哎呀，您说得对，需要彩票原件。不过由于您是特等奖得主，考虑到奖金数额较大，我们特别安排了上门兑奖服务。您可以先告诉我们您的详细地址，我们的工作人员会带着相关文件直接上门为您办理，这样更方便快捷。奖金已经在账上等着您了，请尽快提供信息。
right: 这样啊，上门服务听起来确实方便。但是我还是有点担心，毕竟这么大的数额，我得和家人商量一下。你们能不能稍微等我一会儿，我打个电话问问家人再说？
left: 好的，我理解您的顾虑。不过请您尽快，因为我们的工作人员已经准备好，随时可以出发。请您在五分钟内给我们回复，否则这次机会可能会被取消。时间宝贵，希望您能理解。
right: 五分钟啊...（犹豫）我突然想起上次在新闻上看到过类似的诈骗案例。你们能提供一下具体的彩票期号和我的中奖号码吗？还有，你们的工号和联系电话是多少？我需要确认一下。
left: 哎呀，您这样说就有点让我们为难了。我们已经核实过您的信息，如果您不信任我们，那我们也没有办法。这次机会就这么错过了，真是太遗憾了。如果您有任何疑问，可以随时联系我们，但这次兑奖机会可能就不再有了。我们只能帮您到这里了。",1,,Relevance,咨询客服,彩票诈骗
误报(FP),"left: 您好，我是您的老朋友李某，您还记得我吧？我有一个非常紧急的事情需要您的帮助，我的手机马上没电了。
right: 哎呀，李老兄，你好你好，好几年没见了。你这是在哪儿呢？出什么急事了？手机怎么快没电了？
left: 好的，那我们改天再聊，希望您一切顺利。再见。
right: 再见。",1,,Personalization,,
误报(FP),"left: 喂，你是李明的家人吗？我是李明的朋友，他现在出事了，你必须马上给我转五万块钱，否则他会有生命危险。
right: 你是谁啊？李明怎么会出事了？你先告诉我具体是怎么回事，我怎么联系不上他？",1,,Personalization,,
误报(FP),"left: 喂，是李先生吗？我是您儿子学校的老师，刚刚接到通知，您的儿子在学校里突然晕倒，现在被送到了医院，情况非常危急，您必须马上过来。
right: 什么？我儿子晕倒了？这怎么可能，他早上还好好的。你们是哪家医院？我马上过去。",1,,Clarity,,
误报(FP),"left: 喂，您好，这里是您的银行客服中心，我是小李。我们发现您的账户有异常交易，需要您立即确认。您现在方便说话吗？
right: 哦，小李啊，你吓我一跳。我这年纪大了，耳朵不太好，你再大声一点。你说我的账户有异常交易？这可怎么办啊？我这人平时也不怎么用银行卡，会不会是有人盗用了？
left: 大爷，您别着急，我理解您的担心。为了确保您的资金安全，我们需要核对一些信息。请您提供一下开户时使用的身份证号码，我们好进行核实。这样我们才能确保是您本人在操作。
right: 好的好的，你等我一下，我这就去拿身份证。我家的身份证放在抽屉里，我去找找。你稍等啊。
left: 好的，大爷，您慢点，我在这儿等着您。这事儿得赶紧处理，不然您的钱可能会被转走。您找到身份证了吗？
right: 找到了，找到了，你稍等，我这眼睛也不太好，我念给你听啊。身份证号码是……",1,,Factual Authenticity / Truthfulness,咨询客服,
误报(FP),"left: 你儿子现在在我手上，如果你想他平安无事，就立刻准备五万元现金，不要报警，否则后果自负！
right: 你、你别吓我，我儿子真的在你那儿？我得先确认一下，你能不能让我跟他说两句话？",1,,Personalization,,
误报(FP),"left: 你儿子现在在我们手上，如果你想让他平安回家，就马上准备五十万现金。不要报警，否则后果自负！
right: 你们是谁啊？我儿子怎么会被你们抓走？这到底是怎么回事？我得先确认一下，你们别乱来啊！",1,,Personalization,,
误报(FP),"left: 你儿子现在在我们手上，马上准备两百万赎金，否则后果自负！
right: 什么？你们抓走我儿子了？这怎么可能？你们到底是谁？",1,,Clarity,,
误报(FP),"left: 先生，我是您儿子的同学，现在他出事了，被人绑架了，您必须赶紧汇一笔钱到这个账户，我才能确保他安全。您儿子的生命安全就在您的一念之间。
right: 什么？我儿子出事了？你先别急，你说清楚点，我儿子现在在哪里？你得给我个确凿的证据，否则我怎么知道这是真的？你先给我打个视频电话，让我看看他。",1,,Personalization,,
误报(FP),"left: 喂，先生，我是你儿子的同学，他现在出事了，被坏人绑架了，你必须马上给我准备二十万，不然他们要加害你儿子！
right: 哎呀！我儿子出事了？这...这可怎么办啊！（焦急地）我马上就去准备钱，你...你一定要救救我儿子啊！对了，我儿子现在怎么样了？有没有受伤？
left: 好的，我明白了，我会尽快准备钱的，谢谢你的提醒，再见。
right: 好的，好的，我马上就去准备，你一定要保证我儿子的安全！谢谢，谢谢！",1,,Personalization,,
误报(FP),"left: 您好，这里是某某银行客服，您的账户出现异常，为了保障您的资金安全，请尽快核实相关信息。
right: 哎呀，我的账户出问题了？不会吧，我平时也没干什么啊。您说怎么核实啊？
left: 请您先不要担心，我们怀疑有人试图非法登录您的账户。为了确认您的身份，麻烦您提供一下开户时使用的身份证号码和手机号码。我们核实后会立即采取措施保护您的账户安全。
right: 身份证号码啊...这个我得想想。不过，我记得前几天刚收到银行发的短信说要注意保护个人信息，您这边不会是骗子吧？
left: 先生，您这边的警惕性很高，这是好事。我们确实经常提醒客户注意防范诈骗。不过您遇到的情况需要立即处理，否则账户可能会被冻结。为了证明我的身份，我可以提供工号：00357，您可以直接拨打银行官方热线核实。现在请您先提供证件号码，我们每分钟都在损失资金风险中。
right: 工号是零零三百五十七啊，那我等会儿再打个电话核实一下吧。你说的这么严重，我确实有点担心，但还是想确认一下再给信息。您看这样行不行？
left: 先生，您这样拖延时间是非常危险的。现在您的账户可能正在被非法操作，每多一分钟风险就越大。如果您不配合，我们只能暂时冻结您的账户，等您亲自来银行核实后再解冻。您觉得这样会耽误您多少时间呢？",1,,Personalization,,
误报(FP),"left: 您好，这里是国家税务局，我们发现您的个人信息可能被盗用，这可能会给您带来严重的财务损失。为了确保您的安全，我们需要立即采取行动。您能提供一下您的身份证号码吗？
right: 哦，真的吗？这听起来很严重。不过我之前在电视上看到过类似的诈骗手法，说有人冒充税务局骗人的信息。您能告诉我更多细节吗？比如说，我怎么知道这是真的？",1,,Personalization,,
误报(FP),"left: 您好，这里是国家彩票管理中心，您上周购买的彩票中了一等奖，奖金高达五百万元。请问您现在方便接听吗？
right: 真的吗？太不可思议了！我上周确实买了一张彩票，没想到竟然中了这么大的奖。我该怎么做呢？
left: 好的，那我们下次再联系，祝您一切顺利。再见。
right: 好的，谢谢您，再见。",1,,Personalization,,
误报(FP),"left: 您好，这里是建设银行客服中心，我是客服专员小李。我们监测到您的账户有异常交易，请问您今天是否有进行过大额转账？
right: 啊，真的吗？我今天没有进行过任何转账啊。那怎么办？会不会是有人盗用了我的账户？",1,,Factual Authenticity / Truthfulness,,
误报(FP),"left: 喂，您好，我是您儿子的朋友，他现在出了点事，被我们带到了一个安全的地方，但我们需要一笔钱才能确保他的安全。您能尽快准备好吗？
right: 啊，天哪，这是真的吗？我儿子怎么会出这种事？你们现在在哪儿？我需要马上过去看看他。
left: 请您冷静一下，我理解您很担心，但您儿子现在是安全的。我们正在一个安全的地方，但我们需要一笔钱才能确保他不会受到任何伤害。您能先准备五十万现金吗？我们会在收到钱后立刻释放他。请您不要报警，这只会让事情变得更复杂。
right: 五十万？这太多了，我怎么可能一下子拿出这么多钱？你们能不能先放了他，让我和他谈谈？我真的很担心他。
left: 我明白您的难处，但请您相信，我们是认真的。如果您不配合，我无法保证他的安全。您可以先准备二十万，剩下的我们可以再商量。时间不多了，您能尽快吗？我们会在收到钱后马上让他和您通话。
right: 二十万也是一大笔钱，我需要时间去筹措。你们能不能先让我和他通个电话，让我知道他真的安全？我真的很担心。
left: 我理解您的担心，但请您相信，您儿子现在是安全的。我们不能冒这个险让他和您通电话，这可能会让事情变得更加危险。请您尽量快一点，我们会在收到钱后马上让他和您联系。时间非常紧迫，您能尽快准备好吗？",1,,Personalization,,
误报(FP),"left: 您好，这里是某某银行客服中心，我是客服代表小张。我们检测到您的账户存在异常交易，为了保障您的资金安全，需要您配合我们进行身份验证。请问您现在方便吗？
right: 你好，我这边还算方便，有什么需要我做的吗？
left: 非常感谢您的配合。首先，请您提供一下您的姓名和身份证号码，我们需要确认您的身份。
right: 好的，我叫李明，身份证号码是三百六十七十四二十五零零一零零三。
left: 好的，感谢您的配合。由于您提供的身份信息与我们系统记录不符，本次验证无法继续进行。我们已经记录了您的情况，稍后会有专员与您联系处理。祝您生活愉快！
right: 好的，谢谢你的帮助，我会等专员联系我。",1,,Factual Authenticity / Truthfulness,,
误报(FP),"left: 您好，这里是银行客户服务部，我姓李，您的账户近期有异常活动，为了保障您的资金安全，我们需要对您的账户进行核实，请问您现在方便吗？
right: 嗯，我这边还行，你说吧。不过，我的账户应该没问题吧？毕竟我一直用得很小心。
left: 您真是太谨慎了，这是非常好的习惯。不过，我们确实检测到有几笔可疑的转账操作，为了确保您的账户安全，我们需要您配合进行一些简单的核实。您可以告诉我您最近一次的转账金额是多少吗？这样我们可以更快地确认。
right: 哦，这样啊。那我最近确实有一笔转账，是一百五十元，给朋友的。不过，我怎么感觉这事有点蹊跷，你们是真银行工作人员吗？
left: 您可以放心，我们确实是银行工作人员。为了进一步核实，您可以提供一下您的身份证号码吗？这样我们就能更快地确认您的身份，避免任何不必要的麻烦。我们非常重视客户的财产安全，绝对不会让您受到任何损失。
right: 嗯，我还是有点担心。你们能不能先告诉我具体的异常情况，比如转账的时间和对方的账户信息？这样我才能确认是不是我的账户真的有问题。
left: 我理解您的担心。具体的异常交易发生在今天早上九点三十七分，转账金额是一百五十元，对方账户是六二二八四八零零零零零零零零零零零零。为了确保安全，我们还是需要您提供身份证号码进行进一步核实，这样我们才能更准确地处理这个问题。
right: 这个时间确实是我给朋友转账的，不过我还是觉得有点不对劲。你们能不能给我一个银行的客服电话，我直接打过去确认一下？这样我更放心一些。
left: 我理解您的顾虑，但为了您的账户安全，我们建议您尽快配合我们进行核实。我们目前无法提供客服电话，但您可以信任我，我是银行的正式员工。如果您不提供身份证号码，我们无法进一步核实，可能会导致您的账户存在风险。请您理解。
right: 我理解你的意思，但我觉得直接打客服电话更安全一些。你们不提供客服电话，我确实有点不放心。我还是先打客服电话确认一下吧。",1,,Personalization,,
误报(FP),"left: 喂，先生，我是您的邻居小李。您知道您的儿子小刚现在出事了吗？他被坏人抓走了，对方要求我马上联系您，要一笔赎金，不然他们就要对小刚下手了。您现在有空吗？我们需要赶紧想办法。
right: 小李，你说什么？小刚被坏人抓走了？这到底是怎么回事？你等一下，我这就过来你家，我们详细说说。",1,,Personalization,,
误报(FP),"left: 尊敬的客户，您好！我是国际快递公司的客服人员。我们发现您的包裹在清关过程中遇到了一些问题，需要您提供一些信息来协助处理。请问您现在方便接听电话吗？
right: 您好，我刚刚退休，平时时间比较充裕，现在也方便。请问有什么问题需要我协助解决呢？
left: 太好了，感谢您的配合。我们发现您的包裹中可能包含了一些需要特殊处理的物品，为了确保能够顺利送达，我们需要您提供一些个人信息进行核对。请问您可以提供您的全名和联系电话吗？
right: 哦，这样啊。我叫张华，电话是这个号码。不过，我最近没有寄过什么特殊的物品啊，您能告诉我具体是什么吗？
left: 张华先生，感谢您的配合。您的包裹中有一件价值不菲的物品，可能是您之前未曾意识到的。为了确保包裹的安全，我们需要您提供一些额外的信息，包括身份证号码，以便我们进行核实。您可以提供吗？
right: 身份证号码啊，这个信息挺重要的。我需要考虑一下，毕竟涉及隐私。您可以告诉我这个包裹的详细信息吗？比如是从哪里寄来的，寄给谁的？这样我也可以确认一下。
left: 理解您的顾虑，不过为了您的包裹能够顺利送达，这一步是必须的。包裹是从海外寄来的，寄件人信息显示是您的名字，可能是您之前购买的商品或收到的礼物。如果您不提供信息，包裹可能会被退回或销毁。这可是价值不菲的物品啊，您不希望失去它吧？
right: 我明白您的意思，但还是觉得有些不放心。我需要先跟我的家人商量一下，毕竟这种情况以前从来没有遇到过。您能稍等我一会儿吗？
left: 张华先生，我非常理解您的心情，但请您理解，这种情况需要尽快处理，否则包裹可能会被海关扣押。如果您不提供信息，我们真的无法保证包裹的安全。您可以先提供身份证号码，我们可以快速完成核对，这样您就可以放心了。您看行吗？",1,,Relevance,,
误报(FP),"left: 李女士，您好，我是华瑞投资的张经理。最近我们公司推出了一款非常有潜力的投资项目，我想您可能会感兴趣。您现在方便详细了解一下吗？
right: 你好，张经理。谢谢你的来电。不过现在我正在工作，不太方便详细聊。你说的投资项目是怎样的？简单介绍一下吧。
left: 当然可以。这款投资产品是关于新能源领域的，预计年化收益率可以达到百分之十五，而且投资周期只有六个月。我们已经有不少客户获得了不错的收益。您有考虑投资吗？
right: 听起来收益确实不错，但这么高的收益率让我有些怀疑。你们公司的资质和背景可以具体说说吗？我需要了解得更详细一些。
left: 理解您的顾虑，李女士。我们华瑞投资是国内首批获得证监会批准的私募基金管理公司，成立以来已经成功运作了多个项目，口碑非常好。您可以查看我们的官网，上面有详细的公司介绍和过往业绩。不过现在这个项目名额已经不多了，您要是感兴趣的话，我建议您尽快决定。
right: 我理解你们的时间限制，但投资这种事情不能马虎。我可以看一下你们的资料，但你们为什么这么急着让我决定呢？这不像是正规的投资项目应有的做法。",1,,Factual Authenticity / Truthfulness,咨询客服,
误报(FP),"left: 您好，这里是某某银行客服中心，我是小张。我们最近发现您的账户有异常活动，为了您的资金安全，需要您立即配合我们进行一些核实。请问您现在方便吗？
right: 您好，小张。我这边现在比较忙，不过如果真的有异常活动，那我得了解一下。您可以告诉我具体是什么情况吗？
left: 当然可以。我们发现有一笔不明转账尝试，金额达到五千块钱，而且这笔转账的地点是在国外。为了防止您的资金被盗用，我们需要确认这确实不是您的正常交易。您可以告诉我您最近是否有进行过这样的转账吗？
right: 我最近确实没有进行过这样的转账，而且我近期也没有出国。这听起来确实有些可疑。你们是怎么发现这个问题的？我可以直接去银行柜台核实吗？
left: 我们是通过系统的异常交易预警发现的。为了您的安全，我们建议您尽快进行核实。不过，如果您现在不方便来银行，我们也可以通过电话进行初步核实。请您提供一下您的身份证号和银行预留的手机号，我们好为您进一步查询。这样可以吗？
right: 我理解你们的担心，但出于安全考虑，我还是想去银行柜台核实。毕竟这种涉及个人信息和资金的事情，我还是希望当面处理。这样可以吗？",1,,Factual Authenticity / Truthfulness,,
误报(FP),"left: 您好，这里是国家彩票中心，恭喜您中了本期彩票特等奖，奖金高达五百万元！您现在方便听一下领奖的具体流程吗？
right: 您好，五百万元听起来真是个天大的好消息！不过，我之前没买过彩票，你们是怎么确定我中奖的呢？而且，我之前也接到过类似的电话，结果是诈骗，所以我想确认一下您的身份。您能告诉我一些具体的细节吗？比如我中奖的彩票号码或者中奖日期之类的。
left: 哦，您真是太幸运了， sistem 误操作，将您的电话号码列入了自动抽奖名单，所以您才获得了这个中奖机会。至于具体的彩票号码和日期，我会查一下系统，稍等一下。不过，为了确保您的信息安全，我需要先核实您的身份，可以麻烦您提供一下姓名和身份证号吗？这样我就能帮您确认了。
right: 好的，我理解您需要核实身份，但我觉得还是先确认一下中奖的具体信息比较稳妥。您能先告诉我我的中奖号码和日期吗？这样我就能放心一些了。
left: 好的，我明白您的谨慎。让我查一下系统。您的中奖号码是 **123456**，中奖日期是二零二三年十月十日。您可以核对一下，如果有任何疑问，我们可以进一步核实。不过，为了保证您的奖项不被他人冒领，我需要您提供一些基本信息，这样我们才能继续下一步。您看可以吗？
right: 好的，我查了一下，确实没有这张彩票的记录。而且，我最近也没有参加过类似的活动。我怀疑这可能是个误会或者诈骗。为了安全起见，我建议您提供一个官方的联系方式，我直接联系官方核实一下。谢谢您的理解。",1,,Personalization,,
误报(FP),"left: 喂，叔叔，我是小杰的朋友，现在情况很紧急，小杰被坏人抓走了，他们要我们马上准备二十万赎金，不然就要对小杰不利。您能帮忙吗？
right: 小杰？他是谁啊？我怎么不认识他？你先把事情说清楚点，我得确认一下。而且，二十万不是一个小数目，我得谨慎一些。你能不能给我小杰的电话，我直接和他联系？",1,,Personalization,,
误报(FP),"left: 喂，您好，我是您的朋友小王的邻居，刚才接到电话说小王出事了，现在情况很紧急，需要您马上转一笔钱过来处理，不然就麻烦了。
right: 啊，小王出事了？怎么会这样，他平时挺好的啊。你说的这是真的吗？我得赶紧想办法。需要转多少钱？我这就准备。
left: 好的，那我们先这样，如果有任何消息我会再联系您的，再见。
right: 好的，你先忙，我这就准备钱。希望小王没事。再见。",1,,Personalization,,
误报(FP),"left: 您好，这里是顺丰快递的客服中心，您的一个包裹在运输过程中出现了问题，需要您的配合来处理一下。
right: 您好，我是张伟，我的包裹出了什么问题？
left: 张先生，您的包裹在运输途中不幸被误认为含有违禁品，需要您支付一笔处理费用，这样才能顺利放行。请问您能配合我们处理一下吗？
right: 哦，这样啊。那我需要支付多少费用呢？
left: 张先生，根据规定，这类情况需要支付三百元的处理费用。请您尽快处理，否则包裹可能会被退回或者没收。您可以选择通过支付宝或微信转账。
right: 三百元啊，这有点贵。不过，我的包裹里确实没有什么违禁品。那我该怎么支付呢？
left: 张先生，理解您的担忧。您可以通过支付宝或微信扫描我们的官方二维码进行支付。支付成功后，我们会立即处理您的包裹，并在二十四小时内放行。请您尽快办理，以免造成不必要的麻烦。
right: 好的，那我先通过微信支付吧。请把二维码发给我，我会尽快处理的。
left: 张先生，感谢您的配合。请您尽快支付，我们会在收到款项后立即处理。如果有任何问题，您可以随时联系我们的客服。祝您一天愉快。
right: 好的，谢谢。我会尽快处理的。再见。",1,,Personalization,,
误报(FP),"left: 喂，您好，我是您的儿子的朋友，李明。您儿子现在出事了，被一些不法分子绑架了，您必须立刻给我打一笔赎金，不然他们会对您儿子不利。您现在能过来见个面吗？我在您家附近的公园等您。
right: 你等等，你说你是李明？我儿子的朋友？你为什么给我打电话，我儿子的电话呢？你先告诉我他现在怎么样了，我怎么知道你是不是真的？",1,,Personalization,,
误报(FP),"left: 喂，先生，这里说话，您听我讲，您的儿子现在在我们手上，您必须按照我们的要求做，否则您儿子会有危险。
right: 你们是谁？你们到底想干什么？你们别伤害我儿子，我该怎么办？",1,,Clarity,,
误报(FP),"left: 您好，这里是顺丰快递客服中心，您的包裹在运输过程中被发现含有违禁品，需要您支付一笔罚款以便我们处理后续事宜。请问您能提供一下您的姓名和联系方式吗？我们会在系统中进行核实。
right: 您好，我最近确实有一个包裹，但我不记得里面有什么违禁品。这个事情有点奇怪，你们能给我具体说明一下吗？我是医生，平时工作挺忙的，不太有时间处理这些事情。
left: 理解您的情况，医生确实工作非常繁忙。为了不耽误您的时间，我们可以快速解决这个问题。您的包裹中被检测到了一些不符合国际运输规定的物品，为了确保包裹能够顺利送达，我们需要您支付一笔二百元的罚款。您可以提供一下您的姓名和联系方式，我们会立即处理。这样您就可以放心地继续工作，不会受到任何影响。
right: 这样啊，那我需要了解一下具体的违禁品是什么，总不能无缘无故就支付罚款吧。您能告诉我具体是什么东西吗？这样我也好确认一下。
left: 好的，我理解您的担忧。根据我们的检测报告，包裹中含有一些疑似假冒药品，这在国际运输中是严格禁止的。您是否能提供一下您的姓名和联系方式，我们会立即进行核实，并尽快处理这个问题，以减少对您的影响。
right: 假冒药品？这听起来有点严重。不过我确实没有寄过任何假冒药品，这可能是误会。我需要先确认一下这个事情，您能告诉我你们的客服电话或者官方网址吗？我好自己查一下，这样更放心一些。
left: 我明白您的顾虑，但为了您的安全，我们建议您直接通过我们的官方渠道进行核实。不过，为了不耽误您的时间，您可以先提供一下您的姓名和联系方式，我们会立即为您核实，并确保问题得到解决。这样更高效一些，您看可以吗？
right: 我理解你们的建议，但还是希望能通过官方渠道确认一下。如果您能提供一下官方的客服电话或者网址，我会自己联系核实。这样更安全一些，您看可以吗？
left: 我理解您的担忧，但为了您的安全和我们的工作流程，我们建议您直接通过我们现有的渠道进行核实。不过，为了尽快解决您的问题，您可以先提供一下您的姓名和联系方式，我们会立即为您核实，并确保问题得到解决。这样可以吗？如果实在不方便，那您可以通过我们的官方网站进行核实，网址是 www.sfkd.com。请务必在短时间内处理，以免影响您的包裹。
right: 好的，我明白了。那我先去官网核实一下，确认后再和你们联系。谢谢您的理解和帮助。",1,,Personalization,咨询客服,客服诈骗
误报(FP),"left: 喂，您好，我是来自××银行的客服代表，我们最近发现您的账户有异常活动，需要您配合进行一次安全验证。您现在方便吗？
right: 哦，是吗？我最近确实没怎么用这个账户。你说的异常活动是什么意思？我需要怎么做？
left: 您的账户可能被人盗用了，我们怀疑有人尝试进行未经授权的转账。为了保护您的财产安全，我们需要您提供一下账户的详细信息，包括开户证件号码和最近一次转账的日期，以便我们进行核实。您能提供这些信息吗？
right: 这个事情听起来挺严重的。不过，我最近确实没怎么用这个账户，也不记得最近一次转账是什么时候了。你们能不能先告诉我，具体是什么异常活动？这样我也可以确认一下。
left: 好的，我理解您的担忧。根据我们的记录，您的账户在昨天有一笔一千元的转账记录，而该笔交易的地址与您的常用地址不符。为了确保您的账户安全，我们需要您尽快提供相关信息进行核实。您可以告诉我您的开户证件号码吗？这样我们可以立即进行处理。
right: 哦，昨天确实有一笔转账，但我记得那笔钱是我转给亲戚的。你们能不能先不提供证件号码，我明天去银行柜台确认一下，这样更安全一些。
left: 我明白您的顾虑，但为了确保账户安全，我们建议您尽快提供信息，以便我们及时处理。如果您明天去银行柜台，可能需要等待更长的时间。您现在方便提供开户证件号码吗？这是为了您的安全考虑。
right: 我还是觉得不太放心，毕竟涉及个人隐私和财产安全。我明天还是亲自去银行柜台确认一下吧，这样更保险。谢谢你的提醒，我会尽快去处理的。",1,,Factual Authenticity / Truthfulness,,
误报(FP),"left: 你听到了吗？我是绑匪，你的儿子现在在我手上！不想他有事的话，立刻准备五万块钱现金，不许报警，否则你就永远见不到他了！
right: 你、你说什么？我儿子真的在你手上？你别伤害他，我、我会照你说的办。你给我个账号，我把钱转过去。",1,,Personalization,,
误报(FP),"left: 您好，我是某银行的客服专员，这里显示您的银行账户有异常操作，需要您配合我们进行核实，以确保您的资金安全。
right: 您好，我最近确实没有进行过任何大额交易，不过为了安全起见，我需要确认一下您的身份。请问您能告诉我我的姓名和开户行信息吗？这样我可以更好地配合您。",1,,Factual Authenticity / Truthfulness,,
误报(FP),"left: 刘女士您好，我是华夏银行客服中心的张经理，我们发现您的银行账户有异常活动，为了您的资金安全，需要您配合我们进行身份验证。
right: 张经理，您说的异常活动是什么意思？我最近没怎么用过这个账户啊。",1,,Factual Authenticity / Truthfulness,,
误报(FP),"left: 你好，我是智联的客服专员，想了解一下你们公司最近的招聘情况怎么样？
right: 你好，招聘情况还可以，正在筛选简历。
left: 好的，那我之前推荐的简历有合适的吗？
right: 还在筛选中，有一些初步意向的候选人。
left: 了解了，那关于销售岗的招聘，是否考虑本地候选人？
right: 是的，我们更倾向于招聘本地的销售人员。
left: 明白了，那我会再推荐一些本地的候选人给你们。
right: 好的，谢谢你的帮助。
left: 不客气，另外，我们有一个聊天卡活动，可以免费赠送给你，方便你在线上筛选候选人。
right: 听起来不错，怎么领取？
left: 你可以在我的钱包里领取，有效期一个月，记得及时使用。
right: 好的，我会注意的，谢谢。",1,False,Factual Authenticity / Truthfulness,咨询客服,
误报(FP),"left: 喂
right: 喂
left: 你好，我是积分商城的客服小李，我们看到您账户里的会员积分一直没有使用，您知道吗？
right: 哦，是吗？
left: 是的，如果今晚十二点前不使用，这些积分就会被清零。
right: 那我该怎么办？
left: 您可以选择用积分兑换商品，积分可以抵扣现金哦。
right: 真的吗？都有什么商品可以兑换？
left: 有很多选择呢，比如白酒礼盒、品牌四件套，还有高清电视和智能手表等电子产品。
right: 听起来不错，那我需要怎么做？
left: 您可以通过我们的官方网站或者手机应用程序选择您喜欢的商品，然后用积分兑换。
right: 好的，我这就去看看。谢谢你的提醒。
left: 不客气，如果您有任何问题，随时可以联系我。祝您兑换愉快！",1,False,Factual Authenticity / Truthfulness,日常购物,
误报(FP),"left: 你好，我刚刚在网上订了一个外卖，但是地址可能写错了，能帮我确认一下吗？
right: 你好，没问题，你能告诉我你的订单号吗？
left: 好的，我的订单号是二零二三零四零五六七八九。
right: 好的，我查一下……嗯，你的订单是送到幸福小区十二号楼三单元四零二室，对吗？
left: 应该是四十二号楼，我住在四十二号楼。
right: 好的，我这就给你修改，四十二号楼三单元四零二室，对吗？
left: 对的，谢谢。还有，我的外卖是什么时候能送到？
right: 修改好了，你的外卖预计会在三十分钟内送到。
left: 好的，我这就等在家门口。如果有什么变动，能打电话通知我一下吗？
right: 当然可以，你的联系电话是五五五四四三三二二一，我们会保持联系。感谢你的配合，祝你用餐愉快。",1,False,Factual Authenticity / Truthfulness,外卖服务,
误报(FP),"left: 喂，你好啊，我是某某超市的客服，啊，就是想提醒您一下，您之前参加的积分换礼活动，您的积分今天晚上十二点就要过期了。
right: 哦，真的吗？我还不知道呢。
left: 嗯，是的，您可以在我们的小程序上查看积分情况，这个积分可以兑换不少好东西的，像是日用品啊，小家电啊，还有食品饮料。
right: 那我看看，我有多少积分可以兑换。
left: 您在我们这里累计了一万多积分了，可以兑换一些不错的奖品，比如说我们这里的多功能电饭锅，很多顾客都反馈说非常好用。
right: 电饭锅听起来不错，我家里正好需要一个。
left: 那太好了，您现在兑换的话，还可以享受限时优惠，直接用积分兑换，不用额外付费。
right: 好的，我现在就去操作。
left: 好的，操作过程中如果遇到任何问题，都可以联系我们的客服，客服电话就在小程序首页，操作起来很方便的。
right: 谢谢提醒，我会注意的。",1,False,Factual Authenticity / Truthfulness,日常购物,
误报(FP),"left: 喂，你好，我是外卖平台的客服，你最近在我们平台上的订单频繁，想了解一下你对我们服务的满意度如何？
right: 嗯，服务还不错，配送挺快的，就是有时候餐凉了。
left: 非常感谢你的反馈，我们会将这个问题反馈给配送团队，看看如何改进。你还有什么其他建议吗？
right: 希望能多一些优惠活动，这样更划算。
left: 好的，我们会考虑增加更多的优惠活动。另外，我们平台现在有一个月度会员活动，加入会员可以享受更多优惠和服务，你有兴趣了解一下吗？
right: 月度会员有什么特别的优惠吗？
left: 加入月度会员后，每个月都可以获得一次免费配送服务，还有专属的优惠券和折扣，非常适合经常订餐的用户。
right: 听起来不错，那怎么加入会员呢？
left: 你可以在我们的App里找到会员中心，按照提示完成注册，或者直接告诉我你的手机号，我可以帮你快速注册。
right: 好的，那我的手机号是幺三五幺二三幺二三幺，帮我注册一下吧。
left: 好的，我这就帮你处理。注册成功后，你会收到一条确认短信，记得查收一下。如果有任何问题，随时可以联系我们。",1,False,Factual Authenticity / Truthfulness,咨询客服,
误报(FP),"left: 喂，你好，我想问一下你们那个新款手机现在多少钱？
right: 你好，新款手机现在最低价格是六万五，具体颜色和配置不同价格会有些差异，你想要什么配置的？
left: 哦，那白色的是不是贵一点？
right: 白色的是七万，不过现在白色有促销活动，可以优惠一千。
left: 那我现在去你们店能拿到吗？
right: 你现在来的话，可以直接取货，我们店里的白色手机库存充足。
left: 好的，那我大概半小时后到，你们店地址没变吧？
right: 地址没变，还是在市中心广场旁，你到了直接进来就行。
left: 那你们的营业时间是几点到几点？
right: 我们店的营业时间是从早上九点到晚上九点，你什么时候来都行。
left: 好的，谢谢，那我一会儿见。
right: 不客气，一会儿见，祝你路上顺利。",1,False,Factual Authenticity / Truthfulness,日常购物,
误报(FP),"left: 喂，你好吗？
right: 你好，我挺好的，谢谢。
left: 我是电商平台的客服，看到你最近浏览了一些数码产品，想了解一下有没有什么我可以帮忙的？
right: 哦，是这样。我最近确实打算买个新手机。
left: 那挺好的，我们平台正好有促销活动，很多手机都是直降优惠。你有什么品牌或者型号的偏好吗？
right: 我比较喜欢苹果手机，但是价格有点高。
left: 苹果手机确实性能不错，我们这有几款正在促销，你可以考虑一下。如果现在下单，还有机会获得额外的礼品。
right: 听起来不错，我可以看看具体有哪些优惠吗？
left: 当然可以，你可以在我们的平台上输入优惠码，就能看到具体的折扣了。或者我这里可以发一条链接给你，直接展示所有促销信息。
right: 好的，发链接给我吧，我看看具体怎么样。",1,False,Clarity,日常购物,
误报(FP),"left: 喂，你好，我是积分商城的客服小象，我们看到您账户里的会员积分，怎么从来没有兑换用过啊？
right: 哦，真的吗？我都没有注意过这些积分。
left: 是的，您账户里还有一大笔积分呢。积分都是可以直接抵扣现金的呀。
right: 这样啊，那我确实没怎么注意。
left: 对，而且今天晚上所有的积分就要过期清零了。
right: 啊，这可怎么办？我还有很多积分没有用。
left: 是的，所以我特地提醒您。您可以选择一些喜欢的商品来兑换，比如白酒礼盒、知名品牌的四件套，甚至是高清电视、智能手表等电子产品。
right: 哇，听起来不错，我可以看看都有哪些选择吗？
left: 当然可以，我这就帮您查看一下。
right: 好的，谢谢你的提醒，我这就去看看。",1,False,Clarity,咨询客服,
误报(FP),"left: 喂，你好，我在五八同城上看到你们招游戏代练，是真的吗？
right: 你好，是的，我们确实招游戏代练，你对这块感兴趣吗？
left: 嗯，我比较擅长玩王者荣耀，不知道你们有没有这方面的职位？
right: 有的，我们正好需要几个王者荣耀代练，你之前有相关经验吗？
left: 有的，我之前在其他平台做过一段时间的代练，段位也比较高。
right: 那挺好的，我们这里主要是根据客户的需要帮他们上分，你对客户的服务态度怎么样？
left: 我服务态度挺好的，一般客户都比较满意。
right: 那就好，我们这边的工作时间是比较灵活的，一般是晚上七点到十二点，你可以接受吗？
left: 可以，我这段时间正好有空闲时间，这个时间段我可以。
right: 那太好了，我们这边的工资是按单结算的，每单五百元，你觉得怎么样？
left: 挺好的，我明天可以开始吗？
right: 可以，你明天下午六点来公司报道吧，地址是XX路XX号，你记得带身份证。",1,False,Factual Authenticity / Truthfulness,咨询客服,
误报(FP),"left: 喂
right: 喂，你好
left: 我是积分商城的客服小象，您账户里有些积分一直没有使用，您知道吗？
right: 哦，是吗？
left: 是的，积分可以兑换很多商品，比如生活用品、电子产品等，还可以抵扣现金呢。
right: 这样啊，那我以前怎么没看到过兑换的信息呢？
left: 我们有定期发送短信提醒，可能您之前忽略了。现在积分即将清零，建议您尽快兑换。
right: 那我现在还能兑换点什么？
left: 您现在有二十多万积分，可以兑换一些高端商品，比如智能手表、高清电视等，还可以选择一些实用的家居用品。
right: 听起来还不错，那我看看具体有哪些选择。
left: 好的，我发个链接给您，您可以直接在链接里选择需要的商品，如果需要帮助，随时可以联系我。
right: 好的，谢谢你的提醒，我马上去看看。",1,False,Clarity,咨询客服,
误报(FP),"left: 预约服务助手已准备好为您服务，请告诉我您需要预约的项目和时间。
right: 嗨，我不太需要预约服务。我是农民，主要关心的是农作物和天气情况。谢谢你的服务，但可能不太适合我。
left: 感谢您的预约，您的服务已安排妥当，如果有任何变动我们会及时联系您。如果您还有其他需要帮助的地方，请随时联系我们。祝您一天愉快。
right: 好的，谢谢你的关心。如果真有需要我会联系你们的。祝你一天愉快。",1,False,Clarity,预约服务,
